sep=,
"Region","Family","Source VM","OS","CPU policy","Status","Mandatory upgrade","EOL date","Recommended VM","Source hourly","Recommended hourly","Monthly saving","Saving %","Currency","Confidence","Explanation"
"uksouth","Standard NCASv3_T4 Family","Standard_NC4as_T4_v3","linux","same-vendor | prefer-same-vendor | any-compatible","recommended","No","","Standard_NV6ads_A10_v5","0.4659","0.4296","26.499","7.791372","GBP","Medium","required usable CPU and memory preserved, x64 compatibility preserved, local temporary storage retained, Premium SSD supported, reduced data disk limit (4 vs 8) must be validated and 7.8% lower PAYG price."
"uksouth","standard NDAMSv4_A100Family","Standard_ND96amsr_A100_v4","linux","same-vendor | prefer-same-vendor | any-compatible","recommended","No","","Standard_ND96isr_H200_v5","31.033","80.3061","-35969.363","-158.776464","GBP","Medium","required usable CPU and memory preserved, x64 compatibility preserved, local temporary storage retained, Premium SSD supported and 158.8% higher PAYG price."
"uksouth","standardAv2Family","Standard_A1_v2","linux","same-vendor | prefer-same-vendor | any-compatible","recommended","No","2028-11-15","Standard_F1als_v7","0.0311","0.0533","-16.206","-71.382637","GBP","Medium","same usable CPU and memory, x64 compatibility preserved, Linux supports resizing to a VM without local temporary storage and 71.4% higher PAYG price."
"uksouth","standardBasv2Family","Standard_B2ats_v2","linux","same-vendor | prefer-same-vendor | any-compatible","recommended","No","","Standard_B2ts_v2","0.008","0.0089","-0.657","-11.25","GBP","Medium","same usable CPU and memory, x64 compatibility preserved, Premium SSD supported and 11.2% higher PAYG price."
"uksouth","standardBpsv2Family","Standard_B2pts_v2","linux","same-vendor | prefer-same-vendor | any-compatible","recommended","No","","Standard_B2pls_v2","0.0071","0.0285","-15.622","-301.408451","GBP","Medium","required usable CPU and memory preserved, Arm64 compatibility preserved, Premium SSD supported and 301.4% higher PAYG price."
"uksouth","standardBSFamily","Standard_B1ls","linux","same-vendor | prefer-same-vendor | any-compatible","recommended","No","2028-11-15","Standard_F1als_v7","0.0045","0.0533","-35.624","-1084.444444","GBP","Medium","required usable CPU and memory preserved, x64 compatibility preserved, Linux supports resizing to a VM without local temporary storage, Premium SSD supported and 1084.4% higher PAYG price."
"uksouth","standardBsv2Family","Standard_B2ts_v2","linux","same-vendor | prefer-same-vendor | any-compatible","recommended","No","","Standard_B2ats_v2","0.0089","0.008","0.657","10.11236","GBP","Medium","same usable CPU and memory, x64 compatibility preserved, Premium SSD supported and 10.1% lower PAYG price."
"uksouth","standardDADSv5Family","Standard_D2ads_v5","linux","same-vendor","recommended","No","","Standard_E2ads_v5","0.1606","0.1864","-18.834","-16.064757","GBP","Medium","required usable CPU and memory preserved, AMD/x64 preserved, local temporary storage retained, Premium SSD supported and 16.1% higher PAYG price."
"uksouth","standardDADSv5Family","Standard_D2ads_v5","linux","prefer-same-vendor | any-compatible","recommended","No","","Standard_D2ds_v5","0.1606","0.0992","44.822","38.231631","GBP","High","same usable CPU and memory, x64 compatibility preserved, local temporary storage retained, Premium SSD supported, newer CPU generation and 38.2% lower PAYG price."
"uksouth","StandardDadsv7Family","Standard_D2ads_v7","linux","same-vendor | prefer-same-vendor | any-compatible","recommended","No","","Standard_D2as_v7","0.1008","0.0803","14.965","20.337302","GBP","Medium","same usable CPU and memory, x64 compatibility preserved, Premium SSD supported and 20.3% lower PAYG price."
"uksouth","standardDadv6Family","Standard_D2ads_v6","linux","same-vendor | prefer-same-vendor | any-compatible","recommended","No","","Standard_B2as_v2","0.1008","0.0644","26.572","36.111111","GBP","Medium","same usable CPU and memory, x64 compatibility preserved, Premium SSD supported and 36.1% lower PAYG price."
"uksouth","StandardDaldsv7Family","Standard_D2alds_v7","linux","same-vendor | prefer-same-vendor | any-compatible","recommended","No","","Standard_D2als_v7","0.0841","0.0708","9.709","15.814507","GBP","Medium","same usable CPU and memory, x64 compatibility preserved, Premium SSD supported and 15.8% lower PAYG price."
"uksouth","standardDaldv6Family","Standard_D2alds_v6","linux","same-vendor | prefer-same-vendor | any-compatible","recommended","No","","Standard_B2als_v2","0.0841","0.0322","37.887","61.712247","GBP","Medium","same usable CPU and memory, x64 compatibility preserved, Premium SSD supported and 61.7% lower PAYG price."
"uksouth","StandardDalsv7Family","Standard_D2als_v7","linux","same-vendor | prefer-same-vendor | any-compatible","recommended","No","","Standard_B2als_v2","0.0708","0.0322","28.178","54.519774","GBP","Medium","same usable CPU and memory, x64 compatibility preserved, Premium SSD supported, reduced data disk limit (4 vs 10) must be validated and 54.5% lower PAYG price."
"uksouth","standardDalv6Family","Standard_D2als_v6","linux","same-vendor | prefer-same-vendor | any-compatible","recommended","No","","Standard_B2als_v2","0.0708","0.0322","28.178","54.519774","GBP","Medium","same usable CPU and memory, x64 compatibility preserved, Premium SSD supported and 54.5% lower PAYG price."
"uksouth","standardDASv4Family","Standard_D2as_v4","linux","same-vendor | prefer-same-vendor | any-compatible","source-price-missing","No","","Standard_D2ads_v5","","0.1606","","","GBP","High","same usable CPU and memory, AMD/x64 preserved, local temporary storage retained, Premium SSD supported, newer CPU generation and candidate has a usable regional PAYG price, but the source PAYG price is unavailable."
"uksouth","standardDASv5Family","Standard_D2as_v5","linux","same-vendor | prefer-same-vendor | any-compatible","recommended","No","","Standard_B2as_v2","0.1455","0.0644","59.203","55.738832","GBP","Medium","same usable CPU and memory, x64 compatibility preserved, Premium SSD supported and 55.7% lower PAYG price."
"uksouth","StandardDasv7Family","Standard_D2as_v7","linux","same-vendor | prefer-same-vendor | any-compatible","recommended","No","","Standard_D2ads_v7","0.0803","0.1008","-14.965","-25.529265","GBP","Medium","same usable CPU and memory, x64 compatibility preserved, Premium SSD supported and 25.5% higher PAYG price."
"uksouth","standardDAv4Family","Standard_D2a_v4","linux","same-vendor | prefer-same-vendor | any-compatible","recommended","No","","Standard_D2_v3","0.0841","0.0879","-2.774","-4.51843","GBP","Medium","same usable CPU and memory, x64 compatibility preserved, local temporary storage retained and 4.5% higher PAYG price."
"uksouth","standardDav6Family","Standard_D2as_v6","linux","same-vendor | prefer-same-vendor | any-compatible","recommended","No","","Standard_B2as_v2","0.0803","0.0644","11.607","19.800747","GBP","Medium","same usable CPU and memory, x64 compatibility preserved, Premium SSD supported and 19.8% lower PAYG price."
"uksouth","standardDCadsv6Family","Standard_DC2ads_v6","linux","same-vendor | prefer-same-vendor | any-compatible","recommended","No","","Standard_B2as_v2","0.1008","0.0644","26.572","36.111111","GBP","Medium","same usable CPU and memory, x64 compatibility preserved, Linux supports resizing to a VM without local temporary storage, Premium SSD supported and 36.1% lower PAYG price."
"uksouth","standardDCasv6Family","Standard_DC2as_v6","linux","same-vendor | prefer-same-vendor | any-compatible","recommended","No","","Standard_B2as_v2","0.0803","0.0644","11.607","19.800747","GBP","Medium","same usable CPU and memory, x64 compatibility preserved, Premium SSD supported and 19.8% lower PAYG price."
"uksouth","standardDCSv3Family","Standard_DC1s_v3","linux","same-vendor | prefer-same-vendor | any-compatible","recommended","No","","Standard_F1ams_v7","0.0841","0.0788","3.869","6.302021","GBP","Medium","same usable CPU and memory, x64 compatibility preserved, Premium SSD supported and 6.3% lower PAYG price."
"uksouth","standardDDCSv3Family","Standard_DC1ds_v3","linux","same-vendor | prefer-same-vendor | any-compatible","recommended","No","","Standard_F1ams_v7","0.0992","0.0788","14.892","20.564516","GBP","Medium","same usable CPU and memory, x64 compatibility preserved, Linux supports resizing to a VM without local temporary storage, Premium SSD supported and 20.6% lower PAYG price."
"uksouth","standardDDSv4Family","Standard_D2ds_v4","linux","same-vendor | prefer-same-vendor | any-compatible","recommended","No","","Standard_B2as_v2","0.0992","0.0644","25.404","35.080645","GBP","Medium","same usable CPU and memory, x64 compatibility preserved, Linux supports resizing to a VM without local temporary storage, Premium SSD supported and 35.1% lower PAYG price."
"uksouth","standardDDSv5Family","Standard_D2ds_v5","linux","same-vendor | prefer-same-vendor | any-compatible","recommended","No","","Standard_D2s_v5","0.0992","0.0841","11.023","15.221774","GBP","High","same usable CPU and memory, Intel/x64 preserved, Linux supports resizing to a VM without local temporary storage, Premium SSD supported and 15.2% lower PAYG price."
"uksouth","StandardDdsv6Family","Standard_D2ds_v6","linux","same-vendor | prefer-same-vendor | any-compatible","recommended","No","","Standard_D2as_v7","0.1091","0.0803","21.024","26.3978","GBP","Medium","same usable CPU and memory, x64 compatibility preserved, Premium SSD supported and 26.4% lower PAYG price."
"uksouth","standardDDv4Family","Standard_D2d_v4","linux","same-vendor | prefer-same-vendor | any-compatible","recommended","No","","Standard_B2as_v2","0.0992","0.0644","25.404","35.080645","GBP","Medium","same usable CPU and memory, x64 compatibility preserved, Linux supports resizing to a VM without local temporary storage and 35.1% lower PAYG price."
"uksouth","standardDDv5Family","Standard_D2d_v5","linux","same-vendor | prefer-same-vendor | any-compatible","recommended","No","","Standard_B2as_v2","0.0992","0.0644","25.404","35.080645","GBP","Medium","same usable CPU and memory, x64 compatibility preserved, Linux supports resizing to a VM without local temporary storage and 35.1% lower PAYG price."
"uksouth","standardDFamily","Standard_D1","linux","same-vendor | prefer-same-vendor | any-compatible","recommended","No","2028-05-01","Standard_F1as_v7","0.0729","0.0602","9.271","17.421125","GBP","Medium","required usable CPU and memory preserved, x64 compatibility preserved, Linux supports resizing to a VM without local temporary storage and 17.4% lower PAYG price."
"uksouth","standardDLDSv5Family","Standard_D2lds_v5","linux","same-vendor | prefer-same-vendor | any-compatible","recommended","No","","Standard_B2als_v2","0.0871","0.0322","40.077","63.030999","GBP","Medium","same usable CPU and memory, x64 compatibility preserved, Linux supports resizing to a VM without local temporary storage, Premium SSD supported and 63.0% lower PAYG price."
"uksouth","StandardDldsv6Family","Standard_D2lds_v6","linux","same-vendor | prefer-same-vendor | any-compatible","recommended","No","","Standard_D2als_v7","0.0992","0.0708","20.732","28.629032","GBP","Medium","same usable CPU and memory, x64 compatibility preserved, Premium SSD supported and 28.6% lower PAYG price."
"uksouth","standardDLSv5Family","Standard_D2ls_v5","linux","same-vendor | prefer-same-vendor | any-compatible","recommended","No","","Standard_B2als_v2","0.0765","0.0322","32.339","57.908497","GBP","Medium","same usable CPU and memory, x64 compatibility preserved, Premium SSD supported and 57.9% lower PAYG price."
"uksouth","StandardDlsv6Family","Standard_D2ls_v6","linux","same-vendor | prefer-same-vendor | any-compatible","recommended","No","","Standard_B2als_v2","0.0803","0.0322","35.113","59.900374","GBP","Medium","same usable CPU and memory, x64 compatibility preserved, Premium SSD supported, reduced data disk limit (4 vs 8) must be validated and 59.9% lower PAYG price."
"uksouth","StandardDndv6Family","Standard_D2nds_v6","linux","same-vendor | prefer-same-vendor | any-compatible","recommended","No","","Standard_D2as_v7","0.1508","0.0803","51.465","46.750663","GBP","Medium","same usable CPU and memory, x64 compatibility preserved, Premium SSD supported and 46.8% lower PAYG price."
"uksouth","StandardDnldv6Family","Standard_D2nlds_v6","linux","same-vendor | prefer-same-vendor | any-compatible","recommended","No","","Standard_D2als_v7","0.1258","0.0708","40.15","43.720191","GBP","Medium","same usable CPU and memory, x64 compatibility preserved, Premium SSD supported and 43.7% lower PAYG price."
"uksouth","StandardDnlv6Family","Standard_D2nls_v6","linux","same-vendor | prefer-same-vendor | any-compatible","recommended","No","","Standard_D2als_v7","0.1015","0.0708","22.411","30.246305","GBP","Medium","same usable CPU and memory, x64 compatibility preserved, Premium SSD supported and 30.2% lower PAYG price."
"uksouth","StandardDnv6Family","Standard_D2ns_v6","linux","same-vendor | prefer-same-vendor | any-compatible","recommended","No","","Standard_D2as_v7","0.1318","0.0803","37.595","39.074355","GBP","Medium","same usable CPU and memory, x64 compatibility preserved, Premium SSD supported and 39.1% lower PAYG price."
"uksouth","standardDPDSv5Family","Standard_D2pds_v5","linux","same-vendor | prefer-same-vendor | any-compatible","recommended","No","","Standard_B2ps_v2","0.0788","0.057","15.914","27.664975","GBP","Medium","same usable CPU and memory, Arm64 compatibility preserved, Linux supports resizing to a VM without local temporary storage, Premium SSD supported and 27.7% lower PAYG price."
"uksouth","StandardDpdsv6Family","Standard_D2pds_v6","linux","same-vendor | prefer-same-vendor | any-compatible","recommended","No","","Standard_D2ps_v6","0.0803","0.0614","13.797","23.536737","GBP","Medium","same usable CPU and memory, Arm64 compatibility preserved, Premium SSD supported and 23.5% lower PAYG price."
"uksouth","standardDPLDSv5Family","Standard_D2plds_v5","linux","same-vendor | prefer-same-vendor | any-compatible","recommended","No","","Standard_B2pls_v2","0.0697","0.0285","30.076","59.110473","GBP","Medium","same usable CPU and memory, Arm64 compatibility preserved, Linux supports resizing to a VM without local temporary storage, Premium SSD supported and 59.1% lower PAYG price."
"uksouth","StandardDpldsv6Family","Standard_D2plds_v6","linux","same-vendor | prefer-same-vendor | any-compatible","recommended","No","","Standard_B2pls_v2","0.0682","0.0285","28.981","58.211144","GBP","Medium","same usable CPU and memory, Arm64 compatibility preserved, Premium SSD supported, reduced data disk limit (4 vs 8) must be validated and 58.2% lower PAYG price."
"uksouth","standardDPLSv5Family","Standard_D2pls_v5","linux","same-vendor | prefer-same-vendor | any-compatible","recommended","No","","Standard_B2pls_v2","0.0612","0.0285","23.871","53.431373","GBP","Medium","same usable CPU and memory, Arm64 compatibility preserved, Premium SSD supported and 53.4% lower PAYG price."
"uksouth","StandardDplsv6Family","Standard_D2pls_v6","linux","same-vendor | prefer-same-vendor | any-compatible","recommended","No","","Standard_B2pls_v2","0.0542","0.0285","18.761","47.416974","GBP","Medium","same usable CPU and memory, Arm64 compatibility preserved, Premium SSD supported, reduced data disk limit (4 vs 8) must be validated and 47.4% lower PAYG price."
"uksouth","standardDPSv5Family","Standard_D2ps_v5","linux","same-vendor | prefer-same-vendor | any-compatible","recommended","No","","Standard_B2ps_v2","0.0673","0.057","7.519","15.304606","GBP","Medium","same usable CPU and memory, Arm64 compatibility preserved, Premium SSD supported and 15.3% lower PAYG price."
"uksouth","StandardDpsv6Family","Standard_D2ps_v6","linux","same-vendor | prefer-same-vendor | any-compatible","recommended","No","","Standard_B2ps_v2","0.0614","0.057","3.212","7.166124","GBP","Medium","same usable CPU and memory, Arm64 compatibility preserved, Premium SSD supported, reduced data disk limit (4 vs 8) must be validated and 7.2% lower PAYG price."
"uksouth","standardDSFamily","Standard_DS1","linux","same-vendor | prefer-same-vendor | any-compatible","source-price-missing","No","2028-05-01","Standard_F1as_v7","","0.0602","","","GBP","Medium","required usable CPU and memory preserved, x64 compatibility preserved, Linux supports resizing to a VM without local temporary storage, Premium SSD supported and candidate has a usable regional PAYG price, but the source PAYG price is unavailable."
"uksouth","standardDSv2Family","Standard_DS1_v2","linux","same-vendor | prefer-same-vendor","source-price-missing","No","2028-05-01","Standard_D2ds_v5","","0.0992","","","GBP","Medium","required usable CPU and memory preserved, Intel/x64 preserved, local temporary storage retained, Premium SSD supported, newer CPU generation and candidate has a usable regional PAYG price, but the source PAYG price is unavailable."
"uksouth","standardDSv2Family","Standard_DS1_v2","linux","any-compatible","source-price-missing","No","2028-05-01","Standard_F1as_v7","","0.0602","","","GBP","Medium","required usable CPU and memory preserved, x64 compatibility preserved, Linux supports resizing to a VM without local temporary storage, Premium SSD supported and candidate has a usable regional PAYG price, but the source PAYG price is unavailable."
"uksouth","standardDSv2PromoFamily","Standard_DS2_v2_Promo","linux","same-vendor | prefer-same-vendor | any-compatible","source-price-missing","No","","Standard_D2as_v7","","0.0803","","","GBP","Medium","required usable CPU and memory preserved, x64 compatibility preserved, Linux supports resizing to a VM without local temporary storage, Premium SSD supported and candidate has a usable regional PAYG price, but the source PAYG price is unavailable."
"uksouth","standardDSv3Family","Standard_D2s_v3","linux","same-vendor | prefer-same-vendor | any-compatible","source-price-missing","No","","Standard_D2ds_v4","","0.0992","","","GBP","Medium","same usable CPU and memory, x64 compatibility preserved, local temporary storage retained, Premium SSD supported and candidate has a usable regional PAYG price, but the source PAYG price is unavailable."
"uksouth","standardDSv4Family","Standard_D2s_v4","linux","same-vendor | prefer-same-vendor | any-compatible","recommended","No","","Standard_B2as_v2","0.0841","0.0644","14.381","23.424495","GBP","Medium","same usable CPU and memory, x64 compatibility preserved, Premium SSD supported and 23.4% lower PAYG price."
"uksouth","standardDSv5Family","Standard_D2s_v5","linux","same-vendor | prefer-same-vendor | any-compatible","recommended","No","","Standard_D2ds_v5","0.0841","0.0992","-11.023","-17.954816","GBP","High","same usable CPU and memory, Intel/x64 preserved, Premium SSD supported and 18.0% higher PAYG price."
"uksouth","StandardDsv6Family","Standard_D2s_v6","linux","same-vendor | prefer-same-vendor | any-compatible","recommended","No","","Standard_D2as_v7","0.0886","0.0803","6.059","9.367946","GBP","Medium","same usable CPU and memory, x64 compatibility preserved, Premium SSD supported and 9.4% lower PAYG price."
"uksouth","standardDv2Family","Standard_D1_v2","linux","same-vendor | prefer-same-vendor | any-compatible","recommended","No","2028-05-01","Standard_F1as_v7","0.0665","0.0602","4.599","9.473684","GBP","Medium","required usable CPU and memory preserved, x64 compatibility preserved, Linux supports resizing to a VM without local temporary storage and 9.5% lower PAYG price."
"uksouth","standardDv2PromoFamily","Standard_D2_v2_Promo","linux","same-vendor | prefer-same-vendor | any-compatible","source-price-missing","No","","Standard_D2as_v7","","0.0803","","","GBP","Medium","required usable CPU and memory preserved, x64 compatibility preserved, Linux supports resizing to a VM without local temporary storage and candidate has a usable regional PAYG price, but the source PAYG price is unavailable."
"uksouth","standardDv3Family","Standard_D2_v3","linux","same-vendor | prefer-same-vendor | any-compatible","recommended","No","","Standard_D2a_v4","0.0879","0.0841","2.774","4.323094","GBP","Medium","same usable CPU and memory, x64 compatibility preserved, local temporary storage retained and 4.3% lower PAYG price."
"uksouth","standardDv4Family","Standard_D2_v4","linux","same-vendor | prefer-same-vendor | any-compatible","recommended","No","","Standard_B2as_v2","0.0841","0.0644","14.381","23.424495","GBP","Medium","same usable CPU and memory, x64 compatibility preserved and 23.4% lower PAYG price."
"uksouth","standardDv5Family","Standard_D2_v5","linux","same-vendor | prefer-same-vendor | any-compatible","recommended","No","","Standard_B2as_v2","0.0841","0.0644","14.381","23.424495","GBP","Medium","same usable CPU and memory, x64 compatibility preserved and 23.4% lower PAYG price."
"uksouth","standardEADSv5Family","Standard_E2ads_v5","linux","same-vendor","recommended","No","","Standard_D4ads_v5","0.1864","0.3212","-98.404","-72.317597","GBP","Medium","required usable CPU and memory preserved, AMD/x64 preserved, local temporary storage retained, Premium SSD supported and 72.3% higher PAYG price."
"uksouth","standardEADSv5Family","Standard_E2ads_v5","linux","prefer-same-vendor | any-compatible","recommended","No","","Standard_E2ds_v5","0.1864","0.128","42.632","31.330472","GBP","High","same usable CPU and memory, x64 compatibility preserved, local temporary storage retained, Premium SSD supported, newer CPU generation and 31.3% lower PAYG price."
"uksouth","StandardEadsv7Family","Standard_E2ads_v7","linux","same-vendor | prefer-same-vendor | any-compatible","recommended","No","","Standard_E2as_v7","0.128","0.1053","16.571","17.734375","GBP","Medium","same usable CPU and memory, x64 compatibility preserved, Premium SSD supported and 17.7% lower PAYG price."
"uksouth","standardEadv6Family","Standard_E2ads_v6","linux","same-vendor | prefer-same-vendor | any-compatible","recommended","No","","Standard_E2as_v6","0.128","0.1053","16.571","17.734375","GBP","Medium","same usable CPU and memory, x64 compatibility preserved, Premium SSD supported and 17.7% lower PAYG price."
"uksouth","standardEASv4Family","Standard_E2as_v4","linux","same-vendor | prefer-same-vendor | any-compatible","source-price-missing","No","","Standard_E2ads_v5","","0.1864","","","GBP","High","same usable CPU and memory, AMD/x64 preserved, local temporary storage retained, Premium SSD supported, newer CPU generation and candidate has a usable regional PAYG price, but the source PAYG price is unavailable."
"uksouth","standardEASv5Family","Standard_E2as_v5","linux","same-vendor | prefer-same-vendor | any-compatible","recommended","No","","Standard_E2as_v6","0.1705","0.1053","47.596","38.240469","GBP","Medium","same usable CPU and memory, x64 compatibility preserved, Premium SSD supported and 38.2% lower PAYG price."
"uksouth","StandardEasv7Family","Standard_E2as_v7","linux","same-vendor | prefer-same-vendor | any-compatible","recommended","No","","Standard_E2ads_v7","0.1053","0.128","-16.571","-21.557455","GBP","Medium","same usable CPU and memory, x64 compatibility preserved, Premium SSD supported and 21.6% higher PAYG price."
"uksouth","standardEAv4Family","Standard_E2a_v4","linux","same-vendor | prefer-same-vendor | any-compatible","recommended","No","","Standard_E2_v3","0.1121","0.1182","-4.453","-5.44157","GBP","Medium","same usable CPU and memory, x64 compatibility preserved, local temporary storage retained and 5.4% higher PAYG price."
"uksouth","standardEav6Family","Standard_E2as_v6","linux","same-vendor | prefer-same-vendor | any-compatible","recommended","No","","Standard_E2as_v7","0.1053","0.1053","0","0","GBP","Medium","same usable CPU and memory, x64 compatibility preserved, Premium SSD supported and 0.0% lower PAYG price."
"uksouth","standardEBDSv5Family","Standard_E2bds_v5","linux","same-vendor | prefer-same-vendor | any-compatible","recommended","No","","Standard_E2ds_v4","0.15","0.128","16.06","14.666667","GBP","Medium","same usable CPU and memory, x64 compatibility preserved, local temporary storage retained, Premium SSD supported and 14.7% lower PAYG price."
"uksouth","standardEBSv5Family","Standard_E2bs_v5","linux","same-vendor | prefer-same-vendor | any-compatible","recommended","No","","Standard_E2as_v6","0.1341","0.1053","21.024","21.47651","GBP","Medium","same usable CPU and memory, x64 compatibility preserved, Premium SSD supported and 21.5% lower PAYG price."
"uksouth","standardECadsv6Family","Standard_EC2ads_v6","linux","same-vendor | prefer-same-vendor | any-compatible","recommended","No","","Standard_E2ds_v4","0.128","0.128","0","0","GBP","Medium","same usable CPU and memory, x64 compatibility preserved, local temporary storage retained, Premium SSD supported and 0.0% lower PAYG price."
"uksouth","standardECasv6Family","Standard_EC2as_v6","linux","same-vendor | prefer-same-vendor | any-compatible","recommended","No","","Standard_E2as_v6","0.1053","0.1053","0","0","GBP","Medium","same usable CPU and memory, x64 compatibility preserved, Premium SSD supported and 0.0% lower PAYG price."
"uksouth","standardEDSv4Family","Standard_E2ds_v4","linux","same-vendor | prefer-same-vendor | any-compatible","recommended","No","","Standard_E2ds_v5","0.128","0.128","0","0","GBP","High","same usable CPU and memory, Intel/x64 preserved, local temporary storage retained, Premium SSD supported, newer CPU generation and 0.0% lower PAYG price."
"uksouth","standardEDSv5Family","Standard_E2ds_v5","linux","same-vendor","recommended","No","","Standard_D4s_v5","0.128","0.1682","-29.346","-31.40625","GBP","Medium","required usable CPU and memory preserved, Intel/x64 preserved, Linux supports resizing to a VM without local temporary storage, Premium SSD supported and 31.4% higher PAYG price."
"uksouth","standardEDSv5Family","Standard_E2ds_v5","linux","prefer-same-vendor | any-compatible","recommended","No","","Standard_E2as_v6","0.128","0.1053","16.571","17.734375","GBP","Medium","same usable CPU and memory, x64 compatibility preserved, Linux supports resizing to a VM without local temporary storage, Premium SSD supported and 17.7% lower PAYG price."
"uksouth","StandardEdsv6Family","Standard_E2ds_v6","linux","same-vendor | prefer-same-vendor | any-compatible","recommended","No","","Standard_E2as_v7","0.1455","0.1053","29.346","27.628866","GBP","Medium","same usable CPU and memory, x64 compatibility preserved, Premium SSD supported and 27.6% lower PAYG price."
"uksouth","standardEDv4Family","Standard_E2d_v4","linux","same-vendor | prefer-same-vendor | any-compatible","recommended","No","","Standard_E2d_v5","0.128","0.128","0","0","GBP","Medium","same usable CPU and memory, x64 compatibility preserved, local temporary storage retained and 0.0% lower PAYG price."
"uksouth","standardEDv5Family","Standard_E2d_v5","linux","same-vendor | prefer-same-vendor | any-compatible","recommended","No","","Standard_E2d_v4","0.128","0.128","0","0","GBP","Medium","same usable CPU and memory, x64 compatibility preserved, local temporary storage retained and 0.0% lower PAYG price."
"uksouth","standardEIADSv5Family","Standard_E112iads_v5","linux","same-vendor | prefer-same-vendor | any-compatible","recommended","No","","Standard_E112ias_v5","7.1866","6.2071","715.035","13.629533","GBP","Medium","same usable CPU and memory, x64 compatibility preserved, Linux supports resizing to a VM without local temporary storage, Premium SSD supported and 13.6% lower PAYG price."
"uksouth","standardEIASv4Family","Standard_E96ias_v4","linux","same-vendor | prefer-same-vendor | any-compatible","source-price-missing","No","","Standard_E96ds_v5","","6.1457","","","GBP","Medium","same usable CPU and memory, x64 compatibility preserved, local temporary storage retained, Premium SSD supported and candidate has a usable regional PAYG price, but the source PAYG price is unavailable."
"uksouth","standardEIASv5Family","Standard_E112ias_v5","linux","same-vendor | prefer-same-vendor | any-compatible","recommended","No","","Standard_E112iads_v5","6.2071","7.1866","-715.035","-15.780316","GBP","Medium","same usable CPU and memory, x64 compatibility preserved, Premium SSD supported and 15.8% higher PAYG price."
"uksouth","standardEIBDSv5Family","Standard_E112ibds_v5","linux","same-vendor | prefer-same-vendor | any-compatible","recommended","No","","Standard_E112iads_v5","9.217","7.1866","1482.192","22.02886","GBP","Medium","same usable CPU and memory, x64 compatibility preserved, local temporary storage retained, Premium SSD supported and 22.0% lower PAYG price."
"uksouth","standardEIBSv5Family","Standard_E112ibs_v5","linux","same-vendor | prefer-same-vendor | any-compatible","recommended","No","","Standard_E112ias_v5","8.2367","6.2071","1481.608","24.640936","GBP","Medium","same usable CPU and memory, x64 compatibility preserved, Premium SSD supported and 24.6% lower PAYG price."
"uksouth","standardEIDSv5Family","Standard_E104ids_v5","linux","same-vendor | prefer-same-vendor | any-compatible","recommended","No","","Standard_E104is_v5","7.3238","6.4139","664.227","12.423878","GBP","Medium","same usable CPU and memory, x64 compatibility preserved, Linux supports resizing to a VM without local temporary storage, Premium SSD supported and 12.4% lower PAYG price."
"uksouth","standardEIDv5Family","Standard_E104id_v5","linux","same-vendor | prefer-same-vendor | any-compatible","recommended","No","","Standard_E104ids_v5","7.3238","7.3238","0","0","GBP","Medium","same usable CPU and memory, x64 compatibility preserved, local temporary storage retained and 0.0% lower PAYG price."
"uksouth","standardEISv5Family","Standard_E104is_v5","linux","same-vendor | prefer-same-vendor | any-compatible","recommended","No","","Standard_E104ids_v5","6.4139","7.3238","-664.227","-14.186376","GBP","Medium","same usable CPU and memory, x64 compatibility preserved, Premium SSD supported and 14.2% higher PAYG price."
"uksouth","standardEIv5Family","Standard_E104i_v5","linux","same-vendor | prefer-same-vendor | any-compatible","recommended","No","","Standard_E104is_v5","6.4139","6.4139","0","0","GBP","Medium","same usable CPU and memory, x64 compatibility preserved and 0.0% lower PAYG price."
"uksouth","StandardEndv6Family","Standard_E2nds_v6","linux","same-vendor | prefer-same-vendor | any-compatible","recommended","No","","Standard_E2as_v7","0.1849","0.1053","58.108","43.050297","GBP","Medium","same usable CPU and memory, x64 compatibility preserved, Premium SSD supported and 43.1% lower PAYG price."
"uksouth","StandardEnv6Family","Standard_E2ns_v6","linux","same-vendor | prefer-same-vendor | any-compatible","recommended","No","","Standard_E2as_v7","0.1652","0.1053","43.727","36.25908","GBP","Medium","same usable CPU and memory, x64 compatibility preserved, Premium SSD supported and 36.3% lower PAYG price."
"uksouth","standardEPDSv5Family","Standard_E2pds_v5","linux","same-vendor | prefer-same-vendor | any-compatible","recommended","No","","Standard_E2ps_v6","0.1023","0.0803","16.06","21.505376","GBP","Medium","same usable CPU and memory, Arm64 compatibility preserved, Linux supports resizing to a VM without local temporary storage, Premium SSD supported and 21.5% lower PAYG price."
"uksouth","StandardEpdsv6Family","Standard_E2pds_v6","linux","same-vendor | prefer-same-vendor | any-compatible","recommended","No","","Standard_E2ps_v6","0.1023","0.0803","16.06","21.505376","GBP","Medium","same usable CPU and memory, Arm64 compatibility preserved, Premium SSD supported and 21.5% lower PAYG price."
"uksouth","standardEPSv5Family","Standard_E2ps_v5","linux","same-vendor | prefer-same-vendor | any-compatible","recommended","No","","Standard_E2ps_v6","0.0894","0.0803","6.643","10.178971","GBP","Medium","same usable CPU and memory, Arm64 compatibility preserved, Premium SSD supported and 10.2% lower PAYG price."
"uksouth","StandardEpsv6Family","Standard_E2ps_v6","linux","same-vendor | prefer-same-vendor | any-compatible","recommended","No","","Standard_E2pds_v6","0.0803","0.1023","-16.06","-27.39726","GBP","Medium","same usable CPU and memory, Arm64 compatibility preserved, Premium SSD supported and 27.4% higher PAYG price."
"uksouth","standardESv3Family","Standard_E2s_v3","linux","same-vendor | prefer-same-vendor | any-compatible","source-price-missing","No","","Standard_E2ds_v4","","0.128","","","GBP","Medium","same usable CPU and memory, x64 compatibility preserved, local temporary storage retained, Premium SSD supported and candidate has a usable regional PAYG price, but the source PAYG price is unavailable."
"uksouth","standardESv4Family","Standard_E2s_v4","linux","same-vendor | prefer-same-vendor | any-compatible","recommended","No","","Standard_E2as_v6","0.1121","0.1053","4.964","6.066012","GBP","Medium","same usable CPU and memory, x64 compatibility preserved, Premium SSD supported and 6.1% lower PAYG price."
"uksouth","standardESv5Family","Standard_E2s_v5","linux","same-vendor | prefer-same-vendor | any-compatible","recommended","No","","Standard_E2as_v6","0.1121","0.1053","4.964","6.066012","GBP","Medium","same usable CPU and memory, x64 compatibility preserved, Premium SSD supported and 6.1% lower PAYG price."
"uksouth","StandardEsv6Family","Standard_E2s_v6","linux","same-vendor | prefer-same-vendor | any-compatible","recommended","No","","Standard_E2as_v7","0.1174","0.1053","8.833","10.306644","GBP","Medium","same usable CPU and memory, x64 compatibility preserved, Premium SSD supported and 10.3% lower PAYG price."
"uksouth","standardEv3Family","Standard_E2_v3","linux","same-vendor | prefer-same-vendor | any-compatible","recommended","No","","Standard_E2a_v4","0.1182","0.1121","4.453","5.160745","GBP","Medium","same usable CPU and memory, x64 compatibility preserved, local temporary storage retained and 5.2% lower PAYG price."
"uksouth","standardEv4Family","Standard_E2_v4","linux","same-vendor | prefer-same-vendor | any-compatible","recommended","No","","Standard_E2as_v6","0.1121","0.1053","4.964","6.066012","GBP","Medium","same usable CPU and memory, x64 compatibility preserved and 6.1% lower PAYG price."
"uksouth","standardEv5Family","Standard_E2_v5","linux","same-vendor | prefer-same-vendor | any-compatible","recommended","No","","Standard_E2as_v6","0.1121","0.1053","4.964","6.066012","GBP","Medium","same usable CPU and memory, x64 compatibility preserved and 6.1% lower PAYG price."
"uksouth","StandardFadsv7Family","Standard_F1ads_v7","linux","same-vendor | prefer-same-vendor | any-compatible","recommended","No","","Standard_F1as_v7","0.0755","0.0602","11.169","20.264901","GBP","Medium","same usable CPU and memory, x64 compatibility preserved, Premium SSD supported and 20.3% lower PAYG price."
"uksouth","StandardFaldsv7Family","Standard_F1alds_v7","linux","same-vendor | prefer-same-vendor | any-compatible","recommended","No","","Standard_F1als_v7","0.063","0.0533","7.081","15.396825","GBP","Medium","same usable CPU and memory, x64 compatibility preserved, Premium SSD supported and 15.4% lower PAYG price."
"uksouth","StandardFalsv6Family","Standard_F2als_v6","linux","same-vendor | prefer-same-vendor | any-compatible","recommended","No","","Standard_B2als_v2","0.1068","0.0322","54.458","69.850187","GBP","Medium","same usable CPU and memory, x64 compatibility preserved, Premium SSD supported and 69.9% lower PAYG price."
"uksouth","StandardFalsv7Family","Standard_F1als_v7","linux","same-vendor | prefer-same-vendor | any-compatible","recommended","No","","Standard_F1alds_v7","0.0533","0.063","-7.081","-18.198874","GBP","Medium","same usable CPU and memory, x64 compatibility preserved, Premium SSD supported and 18.2% higher PAYG price."
"uksouth","StandardFamdsv7Family","Standard_F1amds_v7","linux","same-vendor | prefer-same-vendor | any-compatible","recommended","No","","Standard_F1ams_v7","0.0962","0.0788","12.702","18.087318","GBP","Medium","same usable CPU and memory, x64 compatibility preserved, Premium SSD supported and 18.1% lower PAYG price."
"uksouth","StandardFamsv6Family","Standard_F2ams_v6","linux","same-vendor | prefer-same-vendor | any-compatible","recommended","No","","Standard_E2as_v6","0.1576","0.1053","38.179","33.185279","GBP","Medium","same usable CPU and memory, x64 compatibility preserved, Premium SSD supported and 33.2% lower PAYG price."
"uksouth","StandardFamsv7Family","Standard_F1ams_v7","linux","same-vendor | prefer-same-vendor | any-compatible","recommended","No","","Standard_F1amds_v7","0.0788","0.0962","-12.702","-22.081218","GBP","Medium","same usable CPU and memory, x64 compatibility preserved, Premium SSD supported and 22.1% higher PAYG price."
"uksouth","StandardFasv6Family","Standard_F2as_v6","linux","same-vendor | prefer-same-vendor | any-compatible","recommended","No","","Standard_B2as_v2","0.1205","0.0644","40.953","46.556017","GBP","Medium","same usable CPU and memory, x64 compatibility preserved, Premium SSD supported and 46.6% lower PAYG price."
"uksouth","StandardFasv7Family","Standard_F1as_v7","linux","same-vendor | prefer-same-vendor | any-compatible","recommended","No","","Standard_F1ads_v7","0.0602","0.0755","-11.169","-25.415282","GBP","Medium","same usable CPU and memory, x64 compatibility preserved, Premium SSD supported and 25.4% higher PAYG price."
"uksouth","standardFFamily","Standard_F1","linux","same-vendor | prefer-same-vendor | any-compatible","recommended","No","2028-11-15","Standard_F1als_v7","0.043","0.0533","-7.519","-23.953488","GBP","Medium","same usable CPU and memory, x64 compatibility preserved, Linux supports resizing to a VM without local temporary storage and 24.0% higher PAYG price."
"uksouth","standardFSFamily","Standard_F1s","linux","same-vendor | prefer-same-vendor | any-compatible","source-price-missing","No","2028-11-15","Standard_F1als_v7","","0.0533","","","GBP","Medium","same usable CPU and memory, x64 compatibility preserved, Linux supports resizing to a VM without local temporary storage, Premium SSD supported and candidate has a usable regional PAYG price, but the source PAYG price is unavailable."
"uksouth","standardFSv2Family","Standard_F2s_v2","linux","same-vendor | prefer-same-vendor | any-compatible","recommended","No","2028-11-15","Standard_B2als_v2","0.0765","0.0322","32.339","57.908497","GBP","Medium","same usable CPU and memory, x64 compatibility preserved, Linux supports resizing to a VM without local temporary storage, Premium SSD supported and 57.9% lower PAYG price."
"uksouth","StandardFXmdsv2Family","Standard_FX2mds_v2","linux","same-vendor | prefer-same-vendor | any-compatible","recommended","No","","Standard_FX2ms_v2","0.2614","0.2114","36.5","19.127774","GBP","Medium","same usable CPU and memory, x64 compatibility preserved, Premium SSD supported and 19.1% lower PAYG price."
"uksouth","StandardFXmsv2Family","Standard_FX2ms_v2","linux","same-vendor | prefer-same-vendor | any-compatible","recommended","No","","Standard_FX2mds_v2","0.2114","0.2614","-36.5","-23.651845","GBP","Medium","same usable CPU and memory, x64 compatibility preserved, Premium SSD supported and 23.7% higher PAYG price."
"uksouth","standardGFamily","Standard_G1","linux","same-vendor | prefer-same-vendor | any-compatible","recommended","No","2028-11-15","Standard_FX2ms_v2","0.3326","0.2114","88.476","36.440168","GBP","Medium","required usable CPU and memory preserved, x64 compatibility preserved, Linux supports resizing to a VM without local temporary storage and 36.4% lower PAYG price."
"uksouth","standardGSFamily","Standard_GS1","linux","same-vendor | prefer-same-vendor | any-compatible","source-price-missing","No","2028-11-15","Standard_NC4as_T4_v3","","0.4659","","","GBP","Medium","required usable CPU and memory preserved, x64 compatibility preserved, local temporary storage retained, Premium SSD supported and candidate has a usable regional PAYG price, but the source PAYG price is unavailable."
"uksouth","standardHBv3Family","Standard_HB120rs_v3","linux","same-vendor | prefer-same-vendor | any-compatible","no-compatible-replacement","No","","","3.4092","","","","GBP","Medium","No compatible replacement with a usable regional price was found."
"uksouth","standardLaosv4Family","Standard_L2aos_v4","linux","same-vendor | prefer-same-vendor | any-compatible","recommended","No","","Standard_E2as_v6","0.1992","0.1053","68.547","47.138554","GBP","Medium","same usable CPU and memory, x64 compatibility preserved, Premium SSD supported and 47.1% lower PAYG price."
"uksouth","standardLASv3Family","Standard_L8as_v3","linux","same-vendor | prefer-same-vendor | any-compatible","recommended","No","","Standard_E8as_v6","0.5485","0.4197","94.024","23.482224","GBP","Medium","same usable CPU and memory, x64 compatibility preserved, Linux supports resizing to a VM without local temporary storage, Premium SSD supported and 23.5% lower PAYG price."
"uksouth","standardLasv4Family","Standard_L2as_v4","linux","same-vendor | prefer-same-vendor | any-compatible","recommended","No","","Standard_E2as_v6","0.1515","0.1053","33.726","30.49505","GBP","Medium","same usable CPU and memory, x64 compatibility preserved, Premium SSD supported and 30.5% lower PAYG price."
"uksouth","standardLSFamily","Standard_L4s","linux","same-vendor | prefer-same-vendor | any-compatible","recommended","No","2028-05-01","Standard_E4as_v7","0.2743","0.2099","47.012","23.477944","GBP","Medium","same usable CPU and memory, x64 compatibility preserved, Linux supports resizing to a VM without local temporary storage, Premium SSD supported, reduced data disk limit (12 vs 16) must be validated and 23.5% lower PAYG price."
"uksouth","standardLSv2Family","Standard_L8s_v2","linux","same-vendor | prefer-same-vendor | any-compatible","recommended","No","2028-11-15","Standard_L8as_v3","0.5485","0.5485","0","0","GBP","Medium","same usable CPU and memory, x64 compatibility preserved, local temporary storage retained, Premium SSD supported and 0.0% lower PAYG price."
"uksouth","standardLSv3Family","Standard_L8s_v3","linux","same-vendor | prefer-same-vendor | any-compatible","recommended","No","","Standard_L8as_v3","0.6121","0.5485","46.428","10.390459","GBP","Medium","same usable CPU and memory, x64 compatibility preserved, local temporary storage retained, Premium SSD supported and 10.4% lower PAYG price."
"uksouth","standardLsv4Family","Standard_L2s_v4","linux","same-vendor | prefer-same-vendor | any-compatible","recommended","No","","Standard_E2as_v7","0.153","0.1053","34.821","31.176471","GBP","Medium","same usable CPU and memory, x64 compatibility preserved, Premium SSD supported and 31.2% lower PAYG price."
"uksouth","StandardMBDSMediumMemoryv3Family","Standard_M16bds_v3","linux","same-vendor | prefer-same-vendor | any-compatible","recommended","No","","Standard_F16ams_v7","1.3826","1.2607","88.987","8.816722","GBP","Medium","same usable CPU and memory, x64 compatibility preserved, Linux supports resizing to a VM without local temporary storage, Premium SSD supported and 8.8% lower PAYG price."
"uksouth","StandardMBSMediumMemoryv3Family","Standard_M16bs_v3","linux","same-vendor | prefer-same-vendor | any-compatible","recommended","No","","Standard_F16ams_v7","1.3258","1.2607","47.523","4.910243","GBP","Medium","same usable CPU and memory, x64 compatibility preserved, Premium SSD supported and 4.9% lower PAYG price."
"uksouth","standardMDSMediumMemoryv2Family","Standard_M32dms_v2","linux","same-vendor | prefer-same-vendor | any-compatible","recommended","No","","Standard_M32ms","5.8669","5.8669","0","0","GBP","Medium","same usable CPU and memory, x64 compatibility preserved, local temporary storage retained, Premium SSD supported and 0.0% lower PAYG price."
"uksouth","standardMDSMediumMemoryv3Family","Standard_M12ds_v3","linux","same-vendor | prefer-same-vendor | any-compatible","recommended","No","","Standard_M12s_v3","1.5607","1.4698","66.357","5.82431","GBP","Medium","same usable CPU and memory, x64 compatibility preserved, Linux supports resizing to a VM without local temporary storage, Premium SSD supported and 5.8% lower PAYG price."
"uksouth","standardMIDSMediumMemoryv2Family","Standard_M192ids_v2","linux","same-vendor | prefer-same-vendor | any-compatible","recommended","No","2027-03-31","Standard_M208s_v2","15.3036","21.1281","-4251.885","-38.059672","GBP","Medium","required usable CPU and memory preserved, x64 compatibility preserved, local temporary storage retained, Premium SSD supported and 38.1% higher PAYG price."
"uksouth","standardMISMediumMemoryv2Family","Standard_M192is_v2","linux","same-vendor | prefer-same-vendor | any-compatible","recommended","No","2027-03-31","Standard_M208s_v2","14.9021","21.1281","-4544.98","-41.779347","GBP","Medium","required usable CPU and memory preserved, x64 compatibility preserved, Premium SSD supported and 41.8% higher PAYG price."
"uksouth","standardMSFamily","Standard_M8ms","linux","same-vendor | prefer-same-vendor | any-compatible","recommended","No","","Standard_M12ds_v3","1.4667","1.5607","-68.62","-6.408945","GBP","Medium","required usable CPU and memory preserved, x64 compatibility preserved, local temporary storage retained, Premium SSD supported and 6.4% higher PAYG price."
"uksouth","standardMSMediumMemoryv2Family","Standard_M32ms_v2","linux","same-vendor | prefer-same-vendor | any-compatible","recommended","No","","Standard_M32dms_v2","5.7661","5.8669","-73.584","-1.748149","GBP","Medium","same usable CPU and memory, x64 compatibility preserved, Premium SSD supported and 1.7% higher PAYG price."
"uksouth","standardMSMediumMemoryv3Family","Standard_M12s_v3","linux","same-vendor | prefer-same-vendor | any-compatible","recommended","No","","Standard_M12ds_v3","1.4698","1.5607","-66.357","-6.184515","GBP","Medium","same usable CPU and memory, x64 compatibility preserved, Premium SSD supported and 6.2% higher PAYG price."
"uksouth","standardMSv2Family","Standard_M208s_v2","linux","same-vendor | prefer-same-vendor | any-compatible","recommended","No","","Standard_M208ms_v2","21.1281","42.2554","-15422.929","-99.996214","GBP","Medium","required usable CPU and memory preserved, x64 compatibility preserved, local temporary storage retained, Premium SSD supported and 100.0% higher PAYG price."
"uksouth","StandardNCADSA100v4Family","Standard_NC24ads_A100_v4","linux","same-vendor | prefer-same-vendor | any-compatible","recommended","No","","Standard_NC40ads_H100_v5","3.4782","6.6101","-2286.287","-90.043701","GBP","Medium","required usable CPU and memory preserved, x64 compatibility preserved, local temporary storage retained, Premium SSD supported and 90.0% higher PAYG price."
"uksouth","StandardNCadsH100v5Family","Standard_NC40ads_H100_v5","linux","same-vendor | prefer-same-vendor | any-compatible","recommended","No","","Standard_NC48ads_A100_v4","6.6101","6.9571","-253.31","-5.249542","GBP","Medium","required usable CPU and memory preserved, x64 compatibility preserved, local temporary storage retained, Premium SSD supported and 5.2% higher PAYG price."
"uksouth","standardNCSv3Family","Standard_NC6s_v3","linux","same-vendor | prefer-same-vendor | any-compatible","recommended","Yes","2025-09-30","Standard_NV18ads_A10_v5","2.719","1.5152","878.774","44.27363","GBP","Medium","This VM retired on 2025-09-30; upgrading is required. required usable CPU and memory preserved, x64 compatibility preserved, local temporary storage retained, Premium SSD supported and 44.3% lower PAYG price."
"uksouth","standardNDISRGB300V6Family","Standard_ND128isr_GB300_v6","linux","same-vendor | prefer-same-vendor | any-compatible","no-compatible-replacement","No","","","","","","","GBP","Medium","No compatible replacement with a usable regional price was found."
"uksouth","standardNDISRH200V5Family","Standard_ND96isr_H200_v5","linux","same-vendor | prefer-same-vendor | any-compatible","recommended","No","","Standard_ND96isr_H100_v5","80.3061","93.1096","-9346.555","-15.943372","GBP","Medium","required usable CPU and memory preserved, x64 compatibility preserved, local temporary storage retained, Premium SSD supported and 15.9% higher PAYG price."
"uksouth","standardNDSH100v5Family","Standard_ND96isr_H100_v5","linux","same-vendor | prefer-same-vendor | any-compatible","no-compatible-replacement","No","","","93.1096","","","","GBP","Medium","No compatible replacement with a usable regional price was found."
"uksouth","StandardNGADSV620v1Family","Standard_NG8ads_V620_v1","linux","same-vendor | prefer-same-vendor | any-compatible","recommended","No","","Standard_B8als_v2","0.6023","0.228","273.239","62.14511","GBP","Medium","same usable CPU and memory, x64 compatibility preserved, Linux supports resizing to a VM without local temporary storage, Premium SSD supported and 62.1% lower PAYG price."
"uksouth","StandardNVADSA10v5Family","Standard_NV6ads_A10_v5","linux","same-vendor | prefer-same-vendor | any-compatible","recommended","No","","Standard_NC8as_T4_v3","0.4296","0.6667","-173.083","-55.190875","GBP","Medium","required usable CPU and memory preserved, x64 compatibility preserved, local temporary storage retained, Premium SSD supported and 55.2% higher PAYG price."
"uksouth","standardNVSv2Family","Standard_NV6s_v2","linux","same-vendor | prefer-same-vendor | any-compatible","source-price-missing","No","","Standard_NV18ads_A10_v5","","1.5152","","","GBP","Medium","required usable CPU and memory preserved, x64 compatibility preserved, local temporary storage retained, Premium SSD supported and candidate has a usable regional PAYG price, but the source PAYG price is unavailable."
"uksouth","standardNVSv3Family","Standard_NV12s_v3","linux","same-vendor | prefer-same-vendor | any-compatible","recommended","No","2026-09-30","Standard_NV18ads_A10_v5","1.0796","1.5152","-317.988","-40.348277","GBP","Medium","required usable CPU and memory preserved, x64 compatibility preserved, local temporary storage retained, Premium SSD supported and 40.3% higher PAYG price."
"uksouth","standardNVSv4Family","Standard_NV4as_v4","linux","same-vendor | prefer-same-vendor | any-compatible","recommended","No","2026-09-30","Standard_NC4as_T4_v3","0.2205","0.4659","-179.142","-111.292517","GBP","Medium","required usable CPU and memory preserved, x64 compatibility preserved, local temporary storage retained, Premium SSD supported and 111.3% higher PAYG price."
"uksouth","standardXEIDSv4Family","Standard_E80ids_v4","linux","same-vendor | prefer-same-vendor | any-compatible","recommended","No","","Standard_E80is_v4","5.1214","4.485","464.572","12.42629","GBP","Medium","same usable CPU and memory, x64 compatibility preserved, Linux supports resizing to a VM without local temporary storage, Premium SSD supported and 12.4% lower PAYG price."
"uksouth","standardXEISv4Family","Standard_E80is_v4","linux","same-vendor | prefer-same-vendor | any-compatible","recommended","No","","Standard_E80ids_v4","4.485","5.1214","-464.572","-14.189521","GBP","Medium","same usable CPU and memory, x64 compatibility preserved, Premium SSD supported and 14.2% higher PAYG price."