sep=,
"Region","Family","Source VM","OS","Lifecycle","Current recommendation","Current type","Simple recommendation","Simple outcome","Same target","Source hourly","Current hourly","Simple hourly","Currency","Simple reason"
"uksouth","Standard NCASv3_T4 Family","Standard_NC4as_T4_v3","linux","previousGeneration","Standard_NC4as_T4_v3","KEEP","Standard_NC4as_T4_v3","keep","Yes","0.4659","0.4659","0.4659","GBP","Keep current VM: supported and no cheaper compatible replacement"
"uksouth","standard NDAMSv4_A100Family","Standard_ND96amsr_A100_v4","linux","current","Standard_ND96amsr_A100_v4","KEEP","","no-compatible-replacement","Yes","31.033","31.033","","GBP","No compatible replacement found"
"uksouth","standardAv2Family","Standard_A1_v2","linux","retirementAnnounced","","MANUAL_REVIEW","","no-compatible-replacement","Yes","0.0311","","","GBP","No compatible replacement found"
"uksouth","standardBasv2Family","Standard_B2ats_v2","linux","current","Standard_B2ats_v2","KEEP","Standard_B2ats_v2","keep","Yes","0.008","0.008","0.008","GBP","Keep current VM: supported and no cheaper compatible replacement"
"uksouth","standardBpsv2Family","Standard_B2pts_v2","linux","current","Standard_B2pts_v2","KEEP","Standard_B2pts_v2","keep","Yes","0.0071","0.0071","0.0071","GBP","Keep current VM: supported and no cheaper compatible replacement"
"uksouth","standardBSFamily","Standard_B1ls","linux","retirementAnnounced","","MANUAL_REVIEW","","no-compatible-replacement","Yes","0.0045","","","GBP","No compatible replacement found"
"uksouth","standardBsv2Family","Standard_B2ts_v2","linux","current","Standard_B2ts_v2","KEEP","Standard_B2ts_v2","keep","Yes","0.0089","0.0089","0.0089","GBP","Keep current VM: supported and no cheaper compatible replacement"
"uksouth","standardDADSv5Family","Standard_D2ads_v5","linux","previousGeneration","Standard_D2ads_v5","KEEP","Standard_D2as_v4","cost-optimization","No","0.1606","0.1606","0.0841","GBP","Cost optimization: 47.6% cheaper with equivalent capabilities"
"uksouth","StandardDadsv7Family","Standard_D2ads_v7","linux","current","Standard_D2ads_v7","KEEP","Standard_D2as_v4","cost-optimization","No","0.1008","0.1008","0.0841","GBP","Cost optimization: 16.6% cheaper with equivalent capabilities"
"uksouth","standardDadv6Family","Standard_D2ads_v6","linux","previousGeneration","Standard_D2ads_v6","KEEP","Standard_D2as_v4","cost-optimization","No","0.1008","0.1008","0.0841","GBP","Cost optimization: 16.6% cheaper with equivalent capabilities"
"uksouth","StandardDaldsv7Family","Standard_D2alds_v7","linux","current","Standard_D2alds_v7","KEEP","Standard_D2alds_v7","keep","Yes","0.0841","0.0841","0.0841","GBP","Keep current VM: supported and no cheaper compatible replacement"
"uksouth","standardDaldv6Family","Standard_D2alds_v6","linux","previousGeneration","Standard_D2alds_v6","KEEP","Standard_D2alds_v6","keep","Yes","0.0841","0.0841","0.0841","GBP","Keep current VM: supported and no cheaper compatible replacement"
"uksouth","StandardDalsv7Family","Standard_D2als_v7","linux","current","Standard_D2als_v7","KEEP","Standard_D2als_v7","keep","Yes","0.0708","0.0708","0.0708","GBP","Keep current VM: supported and no cheaper compatible replacement"
"uksouth","standardDalv6Family","Standard_D2als_v6","linux","previousGeneration","Standard_D2als_v6","KEEP","Standard_D2als_v6","keep","Yes","0.0708","0.0708","0.0708","GBP","Keep current VM: supported and no cheaper compatible replacement"
"uksouth","standardDASv4Family","Standard_D2as_v4","linux","previousGeneration","Standard_D2ads_v7","PERFORMANCE_UPGRADE","Standard_D2as_v4","keep","No","0.0841","0.1008","0.0841","GBP","Keep current VM: supported and no cheaper compatible replacement"
"uksouth","standardDASv5Family","Standard_D2as_v5","linux","previousGeneration","Standard_D2as_v5","KEEP","Standard_D2as_v7","cost-optimization","No","0.1455","0.1455","0.0803","GBP","Cost optimization: 44.8% cheaper with equivalent capabilities"
"uksouth","StandardDasv7Family","Standard_D2as_v7","linux","current","Standard_D2as_v7","KEEP","Standard_D2as_v7","keep","Yes","0.0803","0.0803","0.0803","GBP","Keep current VM: supported and no cheaper compatible replacement"
"uksouth","standardDAv4Family","Standard_D2a_v4","linux","previousGeneration","Standard_D2ads_v7","PERFORMANCE_UPGRADE","Standard_D2a_v4","keep","No","0.0841","0.1008","0.0841","GBP","Keep current VM: supported and no cheaper compatible replacement"
"uksouth","standardDav6Family","Standard_D2as_v6","linux","previousGeneration","Standard_D2as_v6","KEEP","Standard_D2as_v6","keep","Yes","0.0803","0.0803","0.0803","GBP","Keep current VM: supported and no cheaper compatible replacement"
"uksouth","standardDCadsv6Family","Standard_DC2ads_v6","linux","current","Standard_DC2ads_v6","KEEP","Standard_DC2ads_v6","keep","Yes","0.1008","0.1008","0.1008","GBP","Keep current VM: supported and no cheaper compatible replacement"
"uksouth","standardDCasv6Family","Standard_DC2as_v6","linux","current","Standard_DC2as_v6","KEEP","Standard_DC2as_v6","keep","Yes","0.0803","0.0803","0.0803","GBP","Keep current VM: supported and no cheaper compatible replacement"
"uksouth","standardDCSv3Family","Standard_DC1s_v3","linux","current","Standard_DC1s_v3","KEEP","Standard_DC1s_v3","keep","Yes","0.0841","0.0841","0.0841","GBP","Keep current VM: supported and no cheaper compatible replacement"
"uksouth","standardDDCSv3Family","Standard_DC1ds_v3","linux","current","Standard_DC1ds_v3","KEEP","Standard_DC1ds_v3","keep","Yes","0.0992","0.0992","0.0992","GBP","Keep current VM: supported and no cheaper compatible replacement"
"uksouth","standardDDSv4Family","Standard_D2ds_v4","linux","previousGeneration","Standard_D2ds_v4","KEEP","Standard_D2s_v3","cost-optimization","No","0.0992","0.0992","0.0879","GBP","Cost optimization: 11.4% cheaper with equivalent capabilities"
"uksouth","standardDDSv5Family","Standard_D2ds_v5","linux","previousGeneration","Standard_D2ds_v5","KEEP","Standard_D2s_v3","cost-optimization","No","0.0992","0.0992","0.0879","GBP","Cost optimization: 11.4% cheaper with equivalent capabilities"
"uksouth","StandardDdsv6Family","Standard_D2ds_v6","linux","current","Standard_D2ds_v6","KEEP","Standard_D2s_v3","cost-optimization","No","0.1091","0.1091","0.0879","GBP","Cost optimization: 19.4% cheaper with equivalent capabilities"
"uksouth","standardDDv4Family","Standard_D2d_v4","linux","previousGeneration","Standard_D2ds_v6","PERFORMANCE_UPGRADE","Standard_D2_v3","cost-optimization","No","0.0992","0.1091","0.0879","GBP","Cost optimization: 11.4% cheaper with equivalent capabilities"
"uksouth","standardDDv5Family","Standard_D2d_v5","linux","previousGeneration","Standard_D2d_v5","KEEP","Standard_D2_v3","cost-optimization","No","0.0992","0.0992","0.0879","GBP","Cost optimization: 11.4% cheaper with equivalent capabilities"
"uksouth","standardDFamily","Standard_D1","linux","retirementAnnounced","Standard_D2lds_v5","RETIREMENT_MIGRATION","Standard_D2lds_v5","eol-migration","Yes","0.0729","0.0871","0.0871","GBP","EOL migration: cheapest compatible replacement"
"uksouth","standardDLDSv5Family","Standard_D2lds_v5","linux","previousGeneration","Standard_D2lds_v5","KEEP","Standard_D2lds_v5","keep","Yes","0.0871","0.0871","0.0871","GBP","Keep current VM: supported and no cheaper compatible replacement"
"uksouth","StandardDldsv6Family","Standard_D2lds_v6","linux","current","Standard_D2lds_v6","KEEP","Standard_D2lds_v5","cost-optimization","No","0.0992","0.0992","0.0871","GBP","Cost optimization: 12.2% cheaper with equivalent capabilities"
"uksouth","standardDLSv5Family","Standard_D2ls_v5","linux","previousGeneration","Standard_D2ls_v5","KEEP","Standard_D2ls_v5","keep","Yes","0.0765","0.0765","0.0765","GBP","Keep current VM: supported and no cheaper compatible replacement"
"uksouth","StandardDlsv6Family","Standard_D2ls_v6","linux","current","Standard_D2ls_v6","KEEP","Standard_D2ls_v5","cost-optimization","No","0.0803","0.0803","0.0765","GBP","Cost optimization: 4.7% cheaper with equivalent capabilities"
"uksouth","StandardDndv6Family","Standard_D2nds_v6","linux","current","Standard_D2nds_v6","KEEP","Standard_D2s_v3","cost-optimization","No","0.1508","0.1508","0.0879","GBP","Cost optimization: 41.7% cheaper with equivalent capabilities"
"uksouth","StandardDnldv6Family","Standard_D2nlds_v6","linux","current","Standard_D2nlds_v6","KEEP","Standard_D2lds_v5","cost-optimization","No","0.1258","0.1258","0.0871","GBP","Cost optimization: 30.8% cheaper with equivalent capabilities"
"uksouth","StandardDnlv6Family","Standard_D2nls_v6","linux","current","Standard_D2nls_v6","KEEP","Standard_D2ls_v5","cost-optimization","No","0.1015","0.1015","0.0765","GBP","Cost optimization: 24.6% cheaper with equivalent capabilities"
"uksouth","StandardDnv6Family","Standard_D2ns_v6","linux","current","Standard_D2ns_v6","KEEP","Standard_D2s_v5","cost-optimization","No","0.1318","0.1318","0.0841","GBP","Cost optimization: 36.2% cheaper with equivalent capabilities"
"uksouth","standardDPDSv5Family","Standard_D2pds_v5","linux","current","Standard_D2pds_v5","KEEP","Standard_D2pds_v5","keep","Yes","0.0788","0.0788","0.0788","GBP","Keep current VM: supported and no cheaper compatible replacement"
"uksouth","StandardDpdsv6Family","Standard_D2pds_v6","linux","current","Standard_D2pds_v6","KEEP","Standard_D2pds_v6","keep","Yes","0.0803","0.0803","0.0803","GBP","Keep current VM: supported and no cheaper compatible replacement"
"uksouth","standardDPLDSv5Family","Standard_D2plds_v5","linux","current","Standard_D2plds_v5","KEEP","Standard_D2plds_v5","keep","Yes","0.0697","0.0697","0.0697","GBP","Keep current VM: supported and no cheaper compatible replacement"
"uksouth","StandardDpldsv6Family","Standard_D2plds_v6","linux","current","Standard_D2plds_v6","KEEP","Standard_D2plds_v6","keep","Yes","0.0682","0.0682","0.0682","GBP","Keep current VM: supported and no cheaper compatible replacement"
"uksouth","standardDPLSv5Family","Standard_D2pls_v5","linux","current","Standard_D2pls_v6","COST_OPTIMIZATION","Standard_D2pls_v5","keep","No","0.0612","0.0542","0.0612","GBP","Keep current VM: supported and no cheaper compatible replacement"
"uksouth","StandardDplsv6Family","Standard_D2pls_v6","linux","current","Standard_D2pls_v6","KEEP","Standard_D2pls_v6","keep","Yes","0.0542","0.0542","0.0542","GBP","Keep current VM: supported and no cheaper compatible replacement"
"uksouth","standardDPSv5Family","Standard_D2ps_v5","linux","current","Standard_D2ps_v6","COST_OPTIMIZATION","Standard_D2ps_v5","keep","No","0.0673","0.0614","0.0673","GBP","Keep current VM: supported and no cheaper compatible replacement"
"uksouth","StandardDpsv6Family","Standard_D2ps_v6","linux","current","Standard_D2ps_v6","KEEP","Standard_D2ps_v6","keep","Yes","0.0614","0.0614","0.0614","GBP","Keep current VM: supported and no cheaper compatible replacement"
"uksouth","standardDSFamily","Standard_DS1","linux","retirementAnnounced","Standard_D2lds_v5","RETIREMENT_MIGRATION","Standard_D2lds_v5","eol-migration","Yes","0.0729","0.0871","0.0871","GBP","EOL migration: cheapest compatible replacement"
"uksouth","standardDSv2Family","Standard_DS1_v2","linux","retirementAnnounced","Standard_D2lds_v5","RETIREMENT_MIGRATION","Standard_D2lds_v5","eol-migration","Yes","0.0665","0.0871","0.0871","GBP","EOL migration: cheapest compatible replacement"
"uksouth","standardDSv2PromoFamily","Standard_DS2_v2_Promo","linux","previousGeneration","Standard_DS2_v2_Promo","KEEP","Standard_DS2_v2_Promo","keep","Yes","","","","GBP","Keep current VM: supported and no cheaper compatible replacement"
"uksouth","standardDSv3Family","Standard_D2s_v3","linux","previousGeneration","Standard_D2s_v5","PERFORMANCE_UPGRADE","Standard_D2s_v3","keep","No","0.0879","0.0841","0.0879","GBP","Keep current VM: supported and no cheaper compatible replacement"
"uksouth","standardDSv4Family","Standard_D2s_v4","linux","previousGeneration","Standard_D2s_v5","PERFORMANCE_UPGRADE","Standard_D2s_v4","keep","No","0.0841","0.0841","0.0841","GBP","Keep current VM: supported and no cheaper compatible replacement"
"uksouth","standardDSv5Family","Standard_D2s_v5","linux","previousGeneration","Standard_D2s_v5","KEEP","Standard_D2s_v5","keep","Yes","0.0841","0.0841","0.0841","GBP","Keep current VM: supported and no cheaper compatible replacement"
"uksouth","StandardDsv6Family","Standard_D2s_v6","linux","current","Standard_D2s_v6","KEEP","Standard_D2s_v5","cost-optimization","No","0.0886","0.0886","0.0841","GBP","Cost optimization: 5.1% cheaper with equivalent capabilities"
"uksouth","standardDv2Family","Standard_D1_v2","linux","retirementAnnounced","Standard_D2lds_v5","RETIREMENT_MIGRATION","Standard_D2lds_v5","eol-migration","Yes","0.0665","0.0871","0.0871","GBP","EOL migration: cheapest compatible replacement"
"uksouth","standardDv2PromoFamily","Standard_D2_v2_Promo","linux","previousGeneration","Standard_D2_v2_Promo","KEEP","Standard_D2_v2_Promo","keep","Yes","","","","GBP","Keep current VM: supported and no cheaper compatible replacement"
"uksouth","standardDv3Family","Standard_D2_v3","linux","previousGeneration","Standard_D2_v3","KEEP","Standard_D2_v3","keep","Yes","0.0879","0.0879","0.0879","GBP","Keep current VM: supported and no cheaper compatible replacement"
"uksouth","standardDv4Family","Standard_D2_v4","linux","previousGeneration","Standard_D2_v4","KEEP","Standard_D2_v4","keep","Yes","0.0841","0.0841","0.0841","GBP","Keep current VM: supported and no cheaper compatible replacement"
"uksouth","standardDv5Family","Standard_D2_v5","linux","previousGeneration","Standard_D2_v5","KEEP","Standard_D2_v5","keep","Yes","0.0841","0.0841","0.0841","GBP","Keep current VM: supported and no cheaper compatible replacement"
"uksouth","standardEADSv5Family","Standard_E2ads_v5","linux","previousGeneration","Standard_E2ads_v5","KEEP","Standard_E2as_v4","cost-optimization","No","0.1864","0.1864","0.1121","GBP","Cost optimization: 39.9% cheaper with equivalent capabilities"
"uksouth","StandardEadsv7Family","Standard_E2ads_v7","linux","current","Standard_E2ads_v7","KEEP","Standard_E2as_v4","cost-optimization","No","0.128","0.128","0.1121","GBP","Cost optimization: 12.4% cheaper with equivalent capabilities"
"uksouth","standardEadv6Family","Standard_E2ads_v6","linux","previousGeneration","Standard_E2ads_v6","KEEP","Standard_E2as_v4","cost-optimization","No","0.128","0.128","0.1121","GBP","Cost optimization: 12.4% cheaper with equivalent capabilities"
"uksouth","standardEASv4Family","Standard_E2as_v4","linux","previousGeneration","Standard_E2as_v4","KEEP","Standard_E2as_v4","keep","Yes","0.1121","0.1121","0.1121","GBP","Keep current VM: supported and no cheaper compatible replacement"
"uksouth","standardEASv5Family","Standard_E2as_v5","linux","previousGeneration","Standard_E2as_v5","KEEP","Standard_E2as_v7","cost-optimization","No","0.1705","0.1705","0.1053","GBP","Cost optimization: 38.2% cheaper with equivalent capabilities"
"uksouth","StandardEasv7Family","Standard_E2as_v7","linux","current","Standard_E2as_v7","KEEP","Standard_E2as_v7","keep","Yes","0.1053","0.1053","0.1053","GBP","Keep current VM: supported and no cheaper compatible replacement"
"uksouth","standardEAv4Family","Standard_E2a_v4","linux","previousGeneration","Standard_E2a_v4","KEEP","Standard_E2a_v4","keep","Yes","0.1121","0.1121","0.1121","GBP","Keep current VM: supported and no cheaper compatible replacement"
"uksouth","standardEav6Family","Standard_E2as_v6","linux","previousGeneration","Standard_E2as_v6","KEEP","Standard_E2as_v6","keep","Yes","0.1053","0.1053","0.1053","GBP","Keep current VM: supported and no cheaper compatible replacement"
"uksouth","standardEBDSv5Family","Standard_E2bds_v5","linux","previousGeneration","Standard_E2bds_v5","KEEP","Standard_E2s_v3","cost-optimization","No","0.15","0.15","0.1182","GBP","Cost optimization: 21.2% cheaper with equivalent capabilities"
"uksouth","standardEBSv5Family","Standard_E2bs_v5","linux","previousGeneration","Standard_E2bs_v5","KEEP","Standard_E2s_v5","cost-optimization","No","0.1341","0.1341","0.1121","GBP","Cost optimization: 16.4% cheaper with equivalent capabilities"
"uksouth","standardECadsv6Family","Standard_EC2ads_v6","linux","current","Standard_EC2ads_v6","KEEP","Standard_EC2ads_v6","keep","Yes","0.128","0.128","0.128","GBP","Keep current VM: supported and no cheaper compatible replacement"
"uksouth","standardECasv6Family","Standard_EC2as_v6","linux","current","Standard_EC2as_v6","KEEP","Standard_EC2as_v6","keep","Yes","0.1053","0.1053","0.1053","GBP","Keep current VM: supported and no cheaper compatible replacement"
"uksouth","standardEDSv4Family","Standard_E2ds_v4","linux","previousGeneration","Standard_E2ds_v5","PERFORMANCE_UPGRADE","Standard_E2s_v3","cost-optimization","No","0.128","0.128","0.1182","GBP","Cost optimization: 7.7% cheaper with equivalent capabilities"
"uksouth","standardEDSv5Family","Standard_E2ds_v5","linux","previousGeneration","Standard_E2ds_v5","KEEP","Standard_E2s_v3","cost-optimization","No","0.128","0.128","0.1182","GBP","Cost optimization: 7.7% cheaper with equivalent capabilities"
"uksouth","StandardEdsv6Family","Standard_E2ds_v6","linux","current","Standard_E2ds_v6","KEEP","Standard_E2s_v3","cost-optimization","No","0.1455","0.1455","0.1182","GBP","Cost optimization: 18.8% cheaper with equivalent capabilities"
"uksouth","standardEDv4Family","Standard_E2d_v4","linux","previousGeneration","Standard_E2d_v5","PERFORMANCE_UPGRADE","Standard_E2_v3","cost-optimization","No","0.128","0.128","0.1182","GBP","Cost optimization: 7.7% cheaper with equivalent capabilities"
"uksouth","standardEDv5Family","Standard_E2d_v5","linux","previousGeneration","Standard_E2d_v5","KEEP","Standard_E2_v3","cost-optimization","No","0.128","0.128","0.1182","GBP","Cost optimization: 7.7% cheaper with equivalent capabilities"
"uksouth","standardEIADSv5Family","Standard_E112iads_v5","linux","previousGeneration","Standard_E112iads_v5","KEEP","Standard_E112iads_v5","keep","Yes","7.1866","7.1866","7.1866","GBP","Keep current VM: supported and no cheaper compatible replacement"
"uksouth","standardEIASv4Family","Standard_E96ias_v4","linux","previousGeneration","Standard_E96ias_v4","KEEP","Standard_E96ias_v4","keep","Yes","","","","GBP","Keep current VM: supported and no cheaper compatible replacement"
"uksouth","standardEIASv5Family","Standard_E112ias_v5","linux","previousGeneration","Standard_E112ias_v5","KEEP","Standard_E112ias_v5","keep","Yes","6.2071","6.2071","6.2071","GBP","Keep current VM: supported and no cheaper compatible replacement"
"uksouth","standardEIBDSv5Family","Standard_E112ibds_v5","linux","previousGeneration","Standard_E112ibds_v5","KEEP","Standard_E112ibds_v5","keep","Yes","9.217","9.217","9.217","GBP","Keep current VM: supported and no cheaper compatible replacement"
"uksouth","standardEIBSv5Family","Standard_E112ibs_v5","linux","previousGeneration","Standard_E112ibs_v5","KEEP","Standard_E112ibs_v5","keep","Yes","8.2367","8.2367","8.2367","GBP","Keep current VM: supported and no cheaper compatible replacement"
"uksouth","standardEIDSv5Family","Standard_E104ids_v5","linux","previousGeneration","Standard_E104ids_v5","KEEP","Standard_E104ids_v5","keep","Yes","7.3238","7.3238","7.3238","GBP","Keep current VM: supported and no cheaper compatible replacement"
"uksouth","standardEIDv5Family","Standard_E104id_v5","linux","previousGeneration","Standard_E104id_v5","KEEP","Standard_E104id_v5","keep","Yes","7.3238","7.3238","7.3238","GBP","Keep current VM: supported and no cheaper compatible replacement"
"uksouth","standardEISv5Family","Standard_E104is_v5","linux","previousGeneration","Standard_E104is_v5","KEEP","Standard_E104is_v5","keep","Yes","6.4139","6.4139","6.4139","GBP","Keep current VM: supported and no cheaper compatible replacement"
"uksouth","standardEIv5Family","Standard_E104i_v5","linux","previousGeneration","Standard_E104i_v5","KEEP","Standard_E104i_v5","keep","Yes","6.4139","6.4139","6.4139","GBP","Keep current VM: supported and no cheaper compatible replacement"
"uksouth","StandardEndv6Family","Standard_E2nds_v6","linux","current","Standard_E2nds_v6","KEEP","Standard_E2s_v3","cost-optimization","No","0.1849","0.1849","0.1182","GBP","Cost optimization: 36.1% cheaper with equivalent capabilities"
"uksouth","StandardEnv6Family","Standard_E2ns_v6","linux","current","Standard_E2ns_v6","KEEP","Standard_E2s_v5","cost-optimization","No","0.1652","0.1652","0.1121","GBP","Cost optimization: 32.1% cheaper with equivalent capabilities"
"uksouth","standardEPDSv5Family","Standard_E2pds_v5","linux","current","Standard_E2pds_v5","KEEP","Standard_E2pds_v5","keep","Yes","0.1023","0.1023","0.1023","GBP","Keep current VM: supported and no cheaper compatible replacement"
"uksouth","StandardEpdsv6Family","Standard_E2pds_v6","linux","current","Standard_E2pds_v6","KEEP","Standard_E2pds_v6","keep","Yes","0.1023","0.1023","0.1023","GBP","Keep current VM: supported and no cheaper compatible replacement"
"uksouth","standardEPSv5Family","Standard_E2ps_v5","linux","current","Standard_E2ps_v6","COST_OPTIMIZATION","Standard_E2ps_v5","keep","No","0.0894","0.0803","0.0894","GBP","Keep current VM: supported and no cheaper compatible replacement"
"uksouth","StandardEpsv6Family","Standard_E2ps_v6","linux","current","Standard_E2ps_v6","KEEP","Standard_E2ps_v6","keep","Yes","0.0803","0.0803","0.0803","GBP","Keep current VM: supported and no cheaper compatible replacement"
"uksouth","standardESv3Family","Standard_E2s_v3","linux","previousGeneration","Standard_E2s_v5","PERFORMANCE_UPGRADE","Standard_E2s_v3","keep","No","0.1182","0.1121","0.1182","GBP","Keep current VM: supported and no cheaper compatible replacement"
"uksouth","standardESv4Family","Standard_E2s_v4","linux","previousGeneration","Standard_E2s_v4","KEEP","Standard_E2s_v4","keep","Yes","0.1121","0.1121","0.1121","GBP","Keep current VM: supported and no cheaper compatible replacement"
"uksouth","standardESv5Family","Standard_E2s_v5","linux","previousGeneration","Standard_E2s_v5","KEEP","Standard_E2s_v5","keep","Yes","0.1121","0.1121","0.1121","GBP","Keep current VM: supported and no cheaper compatible replacement"
"uksouth","StandardEsv6Family","Standard_E2s_v6","linux","current","Standard_E2s_v6","KEEP","Standard_E2s_v5","cost-optimization","No","0.1174","0.1174","0.1121","GBP","Cost optimization: 4.5% cheaper with equivalent capabilities"
"uksouth","standardEv3Family","Standard_E2_v3","linux","previousGeneration","Standard_E2_v4","PERFORMANCE_UPGRADE","Standard_E2_v3","keep","No","0.1182","0.1121","0.1182","GBP","Keep current VM: supported and no cheaper compatible replacement"
"uksouth","standardEv4Family","Standard_E2_v4","linux","previousGeneration","Standard_E2_v5","PERFORMANCE_UPGRADE","Standard_E2_v4","keep","No","0.1121","0.1121","0.1121","GBP","Keep current VM: supported and no cheaper compatible replacement"
"uksouth","standardEv5Family","Standard_E2_v5","linux","previousGeneration","Standard_E2_v5","KEEP","Standard_E2_v5","keep","Yes","0.1121","0.1121","0.1121","GBP","Keep current VM: supported and no cheaper compatible replacement"
"uksouth","StandardFadsv7Family","Standard_F1ads_v7","linux","current","Standard_F1ads_v7","KEEP","Standard_F1ads_v7","keep","Yes","0.0755","0.0755","0.0755","GBP","Keep current VM: supported and no cheaper compatible replacement"
"uksouth","StandardFaldsv7Family","Standard_F1alds_v7","linux","current","Standard_F1alds_v7","KEEP","Standard_F1alds_v7","keep","Yes","0.063","0.063","0.063","GBP","Keep current VM: supported and no cheaper compatible replacement"
"uksouth","StandardFalsv6Family","Standard_F2als_v6","linux","previousGeneration","Standard_F2als_v7","PERFORMANCE_UPGRADE","Standard_F2als_v6","keep","No","0.1068","0.1068","0.1068","GBP","Keep current VM: supported and no cheaper compatible replacement"
"uksouth","StandardFalsv7Family","Standard_F1als_v7","linux","current","Standard_F1als_v7","KEEP","Standard_F1als_v7","keep","Yes","0.0533","0.0533","0.0533","GBP","Keep current VM: supported and no cheaper compatible replacement"
"uksouth","StandardFamdsv7Family","Standard_F1amds_v7","linux","current","Standard_F1amds_v7","KEEP","Standard_F1amds_v7","keep","Yes","0.0962","0.0962","0.0962","GBP","Keep current VM: supported and no cheaper compatible replacement"
"uksouth","StandardFamsv6Family","Standard_F2ams_v6","linux","previousGeneration","Standard_F2ams_v7","PERFORMANCE_UPGRADE","Standard_F2ams_v6","keep","No","0.1576","0.1576","0.1576","GBP","Keep current VM: supported and no cheaper compatible replacement"
"uksouth","StandardFamsv7Family","Standard_F1ams_v7","linux","current","Standard_F1ams_v7","KEEP","Standard_F1ams_v7","keep","Yes","0.0788","0.0788","0.0788","GBP","Keep current VM: supported and no cheaper compatible replacement"
"uksouth","StandardFasv6Family","Standard_F2as_v6","linux","previousGeneration","Standard_F2as_v7","PERFORMANCE_UPGRADE","Standard_F2as_v6","keep","No","0.1205","0.1205","0.1205","GBP","Keep current VM: supported and no cheaper compatible replacement"
"uksouth","StandardFasv7Family","Standard_F1as_v7","linux","current","Standard_F1as_v7","KEEP","Standard_F1as_v7","keep","Yes","0.0602","0.0602","0.0602","GBP","Keep current VM: supported and no cheaper compatible replacement"
"uksouth","standardFFamily","Standard_F1","linux","retirementAnnounced","","MANUAL_REVIEW","","no-compatible-replacement","Yes","0.043","","","GBP","No compatible replacement found"
"uksouth","standardFSFamily","Standard_F1s","linux","retirementAnnounced","","MANUAL_REVIEW","","no-compatible-replacement","Yes","0.043","","","GBP","No compatible replacement found"
"uksouth","standardFSv2Family","Standard_F2s_v2","linux","retirementAnnounced","","MANUAL_REVIEW","","no-compatible-replacement","Yes","0.0765","","","GBP","No compatible replacement found"
"uksouth","StandardFXmdsv2Family","Standard_FX2mds_v2","linux","current","Standard_FX2mds_v2","KEEP","Standard_FX2mds_v2","keep","Yes","0.2614","0.2614","0.2614","GBP","Keep current VM: supported and no cheaper compatible replacement"
"uksouth","StandardFXmsv2Family","Standard_FX2ms_v2","linux","current","Standard_FX2ms_v2","KEEP","Standard_FX2ms_v2","keep","Yes","0.2114","0.2114","0.2114","GBP","Keep current VM: supported and no cheaper compatible replacement"
"uksouth","standardGFamily","Standard_G1","linux","retirementAnnounced","Standard_E4_v5","RETIREMENT_MIGRATION","","no-compatible-replacement","No","0.3326","0.2243","","GBP","No compatible replacement found"
"uksouth","standardGSFamily","Standard_GS1","linux","retirementAnnounced","Standard_E4s_v5","RETIREMENT_MIGRATION","","no-compatible-replacement","No","0.3326","0.2243","","GBP","No compatible replacement found"
"uksouth","standardHBv3Family","Standard_HB120rs_v3","linux","current","Standard_HB120rs_v3","KEEP","Standard_HB120rs_v3","keep","Yes","3.4092","3.4092","3.4092","GBP","Keep current VM: supported and no cheaper compatible replacement"
"uksouth","standardLaosv4Family","Standard_L2aos_v4","linux","current","Standard_L2as_v4","COST_OPTIMIZATION","Standard_L2as_v4","cost-optimization","Yes","0.1992","0.1515","0.1515","GBP","Cost optimization: 23.9% cheaper with equivalent capabilities"
"uksouth","standardLASv3Family","Standard_L8as_v3","linux","previousGeneration","Standard_L8as_v3","KEEP","Standard_L8as_v3","keep","Yes","0.5485","0.5485","0.5485","GBP","Keep current VM: supported and no cheaper compatible replacement"
"uksouth","standardLasv4Family","Standard_L2as_v4","linux","current","Standard_L2as_v4","KEEP","Standard_L2as_v4","keep","Yes","0.1515","0.1515","0.1515","GBP","Keep current VM: supported and no cheaper compatible replacement"
"uksouth","standardLSFamily","Standard_L4s","linux","retirementAnnounced","Standard_L4s_v4","RETIREMENT_MIGRATION","Standard_L8s_v3","eol-migration","No","0.2743","0.3061","0.6121","GBP","EOL migration: cheapest compatible replacement"
"uksouth","standardLSv2Family","Standard_L8s_v2","linux","retirementAnnounced","Standard_L8as_v3","RETIREMENT_MIGRATION","Standard_L8as_v3","eol-migration","Yes","0.5485","0.5485","0.5485","GBP","EOL migration: cheapest compatible replacement"
"uksouth","standardLSv3Family","Standard_L8s_v3","linux","previousGeneration","Standard_L8s_v3","KEEP","Standard_L8s_v3","keep","Yes","0.6121","0.6121","0.6121","GBP","Keep current VM: supported and no cheaper compatible replacement"
"uksouth","standardLsv4Family","Standard_L2s_v4","linux","current","Standard_L2s_v4","KEEP","Standard_L2s_v4","keep","Yes","0.153","0.153","0.153","GBP","Keep current VM: supported and no cheaper compatible replacement"
"uksouth","StandardMBDSMediumMemoryv3Family","Standard_M16bds_v3","linux","current","Standard_M16bds_v3","KEEP","Standard_M16bds_v3","keep","Yes","1.3826","1.3826","1.3826","GBP","Keep current VM: supported and no cheaper compatible replacement"
"uksouth","StandardMBSMediumMemoryv3Family","Standard_M16bs_v3","linux","current","Standard_M16bs_v3","KEEP","Standard_M16bs_v3","keep","Yes","1.3258","1.3258","1.3258","GBP","Keep current VM: supported and no cheaper compatible replacement"
"uksouth","standardMDSMediumMemoryv2Family","Standard_M32dms_v2","linux","previousGeneration","Standard_M32dms_v2","KEEP","Standard_M32dms_v2","keep","Yes","5.8669","5.8669","5.8669","GBP","Keep current VM: supported and no cheaper compatible replacement"
"uksouth","standardMDSMediumMemoryv3Family","Standard_M12ds_v3","linux","current","Standard_M12ds_v3","KEEP","Standard_M12ds_v3","keep","Yes","1.5607","1.5607","1.5607","GBP","Keep current VM: supported and no cheaper compatible replacement"
"uksouth","standardMIDSMediumMemoryv2Family","Standard_M192ids_v2","linux","retirementAnnounced","","MANUAL_REVIEW","","no-compatible-replacement","Yes","15.3036","","","GBP","No compatible replacement found"
"uksouth","standardMISMediumMemoryv2Family","Standard_M192is_v2","linux","retirementAnnounced","","MANUAL_REVIEW","","no-compatible-replacement","Yes","14.9021","","","GBP","No compatible replacement found"
"uksouth","standardMSFamily","Standard_M8ms","linux","previousGeneration","Standard_M8ms","KEEP","Standard_M8ms","keep","Yes","1.4667","1.4667","1.4667","GBP","Keep current VM: supported and no cheaper compatible replacement"
"uksouth","standardMSMediumMemoryv2Family","Standard_M32ms_v2","linux","previousGeneration","Standard_M32ms_v2","KEEP","Standard_M32ms_v2","keep","Yes","5.7661","5.7661","5.7661","GBP","Keep current VM: supported and no cheaper compatible replacement"
"uksouth","standardMSMediumMemoryv3Family","Standard_M12s_v3","linux","current","Standard_M12s_v3","KEEP","Standard_M12s_v3","keep","Yes","1.4698","1.4698","1.4698","GBP","Keep current VM: supported and no cheaper compatible replacement"
"uksouth","standardMSv2Family","Standard_M208s_v2","linux","previousGeneration","Standard_M208s_v2","KEEP","Standard_M208s_v2","keep","Yes","21.1281","21.1281","21.1281","GBP","Keep current VM: supported and no cheaper compatible replacement"
"uksouth","StandardNCADSA100v4Family","Standard_NC24ads_A100_v4","linux","previousGeneration","Standard_NC24ads_A100_v4","KEEP","Standard_NC24ads_A100_v4","keep","Yes","3.4782","3.4782","3.4782","GBP","Keep current VM: supported and no cheaper compatible replacement"
"uksouth","StandardNCadsH100v5Family","Standard_NC40ads_H100_v5","linux","current","Standard_NC40ads_H100_v5","KEEP","Standard_NC40ads_H100_v5","keep","Yes","6.6101","6.6101","6.6101","GBP","Keep current VM: supported and no cheaper compatible replacement"
"uksouth","standardNCSv3Family","Standard_NC6s_v3","linux","retired","","MANUAL_REVIEW","","no-compatible-replacement","Yes","2.719","","","GBP","No compatible replacement found"
"uksouth","standardNDISRGB300V6Family","Standard_ND128isr_GB300_v6","linux","current","Standard_ND128isr_GB300_v6","KEEP","","no-compatible-replacement","Yes","","","","GBP","No compatible replacement found"
"uksouth","standardNDISRH200V5Family","Standard_ND96isr_H200_v5","linux","current","Standard_ND96isr_H200_v5","KEEP","Standard_ND96isr_H200_v5","keep","Yes","80.3061","80.3061","80.3061","GBP","Keep current VM: supported and no cheaper compatible replacement"
"uksouth","standardNDSH100v5Family","Standard_ND96isr_H100_v5","linux","current","Standard_ND96isr_H100_v5","KEEP","Standard_ND96isr_H100_v5","keep","Yes","93.1096","93.1096","93.1096","GBP","Keep current VM: supported and no cheaper compatible replacement"
"uksouth","StandardNGADSV620v1Family","Standard_NG8ads_V620_v1","linux","current","Standard_NG8ads_V620_v1","KEEP","Standard_NG8ads_V620_v1","keep","Yes","0.6023","0.6023","0.6023","GBP","Keep current VM: supported and no cheaper compatible replacement"
"uksouth","StandardNVADSA10v5Family","Standard_NV6ads_A10_v5","linux","current","Standard_NV6ads_A10_v5","KEEP","","no-compatible-replacement","Yes","0.4296","0.4296","","GBP","No compatible replacement found"
"uksouth","standardNVSv2Family","Standard_NV6s_v2","linux","previousGeneration","Standard_NV6s_v2","KEEP","","no-compatible-replacement","Yes","","","","GBP","No compatible replacement found"
"uksouth","standardNVSv3Family","Standard_NV12s_v3","linux","retirementAnnounced","","MANUAL_REVIEW","","no-compatible-replacement","Yes","1.0796","","","GBP","No compatible replacement found"
"uksouth","standardNVSv4Family","Standard_NV4as_v4","linux","retirementAnnounced","","MANUAL_REVIEW","","no-compatible-replacement","Yes","0.2205","","","GBP","No compatible replacement found"
"uksouth","standardXEIDSv4Family","Standard_E80ids_v4","linux","previousGeneration","Standard_E80ids_v4","KEEP","Standard_E80ids_v4","keep","Yes","5.1214","5.1214","5.1214","GBP","Keep current VM: supported and no cheaper compatible replacement"
"uksouth","standardXEISv4Family","Standard_E80is_v4","linux","previousGeneration","Standard_E80is_v4","KEEP","Standard_E80is_v4","keep","Yes","4.485","4.485","4.485","GBP","Keep current VM: supported and no cheaper compatible replacement"